collisions,steps,timestamp
1.0,2.0,1551182858.612597
1.0,8.0,1551182858.677771
1.0,9.0,1551182858.6921449
1.0,10.0,1551182858.698163
1.0,11.0,1551182858.713047
1.0,12.0,1551182858.7262259
1.0,13.0,1551182858.732206
1.0,14.0,1551182858.749407
1.0,17.0,1551182858.782704
1.0,18.0,1551182858.7970402
1.0,19.0,1551182858.810334
2.0,20.0,1551182858.825737
1.0,21.0,1551182858.8318348
1.0,22.0,1551182858.844563
1.0,23.0,1551182858.861163
1.0,29.0,1551182858.9426591
1.0,30.0,1551182858.9486551
1.0,33.0,1551182858.98348
1.0,37.0,1551182859.035321
3.0,38.0,1551182859.04971
1.0,39.0,1551182859.0624042
2.0,40.0,1551182859.07517
3.0,41.0,1551182859.082871
4.0,42.0,1551182859.096266
3.0,43.0,1551182859.108896
3.0,44.0,1551182859.128234
2.0,45.0,1551182859.142153
2.0,46.0,1551182859.159534
2.0,47.0,1551182859.165877
3.0,48.0,1551182859.179491
4.0,49.0,1551182859.192308
4.0,50.0,1551182859.1987462
3.0,51.0,1551182859.212435
2.0,52.0,1551182859.225929
3.0,53.0,1551182859.232322
4.0,54.0,1551182859.258841
4.0,55.0,1551182859.2732632
3.0,56.0,1551182859.279745
2.0,57.0,1551182859.2980359
5.0,58.0,1551182859.313503
6.0,59.0,1551182859.340971
4.0,60.0,1551182859.347562
7.0,61.0,1551182859.36211
7.0,62.0,1551182859.3765981
4.0,63.0,1551182859.3830662
5.0,64.0,1551182859.4054568
5.0,65.0,1551182859.428951
3.0,66.0,1551182859.44292
5.0,67.0,1551182859.4639812
6.0,68.0,1551182859.477901
5.0,69.0,1551182859.493546
5.0,70.0,1551182859.509517
3.0,71.0,1551182859.516997
3.0,72.0,1551182859.531165
3.0,73.0,1551182859.545093
3.0,74.0,1551182859.569282
2.0,75.0,1551182859.581986
3.0,76.0,1551182859.5966542
3.0,77.0,1551182859.6100512
3.0,78.0,1551182859.616375
3.0,79.0,1551182859.632661
2.0,80.0,1551182859.648444
3.0,81.0,1551182859.662873
2.0,82.0,1551182859.682863
5.0,83.0,1551182859.69633
4.0,84.0,1551182859.7096808
3.0,85.0,1551182859.7161548
4.0,86.0,1551182859.731519
5.0,87.0,1551182859.744878
5.0,88.0,1551182859.760104
2.0,89.0,1551182859.8406882
3.0,90.0,1551182859.847289
2.0,91.0,1551182859.863704
5.0,92.0,1551182859.8813891
2.0,93.0,1551182859.894797
3.0,94.0,1551182859.9127092
3.0,95.0,1551182859.925623
4.0,96.0,1551182859.931971
2.0,97.0,1551182859.946371
1.0,98.0,1551182859.9610271
2.0,99.0,1551182859.9760761
2.0,100.0,1551182859.982479
2.0,101.0,1551182859.995234
2.0,102.0,1551182860.00807
2.0,103.0,1551182860.014494
2.0,104.0,1551182860.0318651
2.0,105.0,1551182860.044802
2.0,106.0,1551182860.0622551
3.0,107.0,1551182860.074823
2.0,108.0,1551182860.0811
2.0,109.0,1551182860.096491
1.0,110.0,1551182860.1101499
3.0,111.0,1551182860.130813
3.0,112.0,1551182860.1456482
2.0,113.0,1551182860.1585019
2.0,114.0,1551182860.1691961
2.0,115.0,1551182860.185689
2.0,116.0,1551182860.198296
2.0,117.0,1551182860.220086
3.0,118.0,1551182860.23902
1.0,119.0,1551182860.254369
2.0,120.0,1551182860.2658088
1.0,121.0,1551182860.280585
1.0,122.0,1551182860.294431
3.0,123.0,1551182860.316541
2.0,125.0,1551182860.343348
1.0,128.0,1551182860.377652
1.0,132.0,1551182860.4266932
1.0,136.0,1551182860.4790668
2.0,137.0,1551182860.494027
1.0,143.0,1551182860.5680692
2.0,144.0,1551182860.581045
3.0,145.0,1551182860.594908
1.0,146.0,1551182860.614523
1.0,148.0,1551182860.634974
1.0,150.0,1551182860.6658702
2.0,151.0,1551182860.6802602
2.0,152.0,1551182860.693974
1.0,153.0,1551182860.7090602
3.0,154.0,1551182860.717673
2.0,157.0,1551182860.749463
2.0,158.0,1551182860.76388
3.0,160.0,1551182860.797534
1.0,162.0,1551182860.827957
2.0,163.0,1551182860.8426728
2.0,164.0,1551182860.8487098
2.0,166.0,1551182860.866673
1.0,167.0,1551182860.8852139
3.0,169.0,1551182860.91729
3.0,170.0,1551182860.9343429
2.0,172.0,1551182860.959786
1.0,173.0,1551182860.966072
2.0,174.0,1551182860.986481
3.0,175.0,1551182860.999899
3.0,176.0,1551182861.018382
2.0,177.0,1551182861.031328
3.0,178.0,1551182861.0444539
3.0,179.0,1551182861.0589828
2.0,180.0,1551182861.0677068
3.0,181.0,1551182861.088265
2.0,182.0,1551182861.1056142
3.0,183.0,1551182861.122216
4.0,184.0,1551182861.137175
3.0,185.0,1551182861.1488068
3.0,186.0,1551182861.163404
3.0,187.0,1551182861.176502
5.0,188.0,1551182861.182762
3.0,189.0,1551182861.2019908
3.0,190.0,1551182861.214543
3.0,191.0,1551182861.227402
1.0,192.0,1551182861.233842
2.0,193.0,1551182861.2479439
3.0,194.0,1551182861.270144
1.0,195.0,1551182861.285899
3.0,196.0,1551182861.2964559
1.0,197.0,1551182861.313395
1.0,199.0,1551182861.350006
2.0,200.0,1551182861.3656058
1.0,201.0,1551182861.3811898
2.0,202.0,1551182861.397194
2.0,203.0,1551182861.413285
4.0,204.0,1551182861.4303691
3.0,205.0,1551182861.446034
2.0,206.0,1551182861.4674728
4.0,207.0,1551182861.482924
4.0,208.0,1551182861.500439
3.0,209.0,1551182861.515946
6.0,210.0,1551182861.5314538
2.0,211.0,1551182861.547549
2.0,212.0,1551182861.5698931
2.0,213.0,1551182861.5900002
1.0,214.0,1551182861.600127
2.0,215.0,1551182861.617802
3.0,216.0,1551182861.632931
3.0,217.0,1551182861.652986
3.0,218.0,1551182861.669038
4.0,219.0,1551182861.675412
1.0,220.0,1551182861.682241
2.0,222.0,1551182861.709455
3.0,224.0,1551182861.7456572
2.0,225.0,1551182861.761448
2.0,226.0,1551182861.7825768
1.0,227.0,1551182861.79574
2.0,228.0,1551182861.809087
3.0,229.0,1551182861.819293
2.0,230.0,1551182861.833909
2.0,231.0,1551182861.8476532
2.0,232.0,1551182861.8607879
1.0,233.0,1551182861.876847
2.0,234.0,1551182861.899932
1.0,235.0,1551182861.916169
3.0,236.0,1551182861.934399
2.0,237.0,1551182861.9497962
2.0,238.0,1551182861.9638
2.0,239.0,1551182861.977281
2.0,240.0,1551182861.98749
2.0,241.0,1551182862.005909
1.0,242.0,1551182862.017292
1.0,243.0,1551182862.034783
1.0,244.0,1551182862.0476649
1.0,245.0,1551182862.060603
1.0,246.0,1551182862.0667038
3.0,247.0,1551182862.080989
2.0,248.0,1551182862.096042
1.0,249.0,1551182862.110399
3.0,250.0,1551182862.116579
1.0,251.0,1551182862.135255
2.0,252.0,1551182862.1514728
3.0,253.0,1551182862.163916
1.0,254.0,1551182862.176894
2.0,255.0,1551182862.196309
2.0,256.0,1551182862.21496
2.0,257.0,1551182862.229683
1.0,258.0,1551182862.242741
2.0,259.0,1551182862.2502358
1.0,260.0,1551182862.263948
1.0,261.0,1551182862.276874
2.0,262.0,1551182862.283026
1.0,263.0,1551182862.29829
4.0,264.0,1551182862.3118029
2.0,265.0,1551182862.3283432
2.0,266.0,1551182862.343968
3.0,267.0,1551182862.360045
4.0,268.0,1551182862.3674061
4.0,269.0,1551182862.3811772
2.0,270.0,1551182862.394069
3.0,271.0,1551182862.4003232
4.0,272.0,1551182862.4131331
3.0,273.0,1551182862.4261749
3.0,274.0,1551182862.432459
4.0,275.0,1551182862.446929
4.0,276.0,1551182862.464468
4.0,277.0,1551182862.479743
5.0,278.0,1551182862.492747
4.0,279.0,1551182862.512775
4.0,280.0,1551182862.529918
5.0,281.0,1551182862.547171
6.0,282.0,1551182862.5629802
6.0,283.0,1551182862.5796638
5.0,284.0,1551182862.5953898
6.0,285.0,1551182862.6095731
6.0,286.0,1551182862.615579
5.0,287.0,1551182862.628627
5.0,288.0,1551182862.6484292
4.0,289.0,1551182862.662324
4.0,290.0,1551182862.677742
4.0,291.0,1551182862.698317
5.0,292.0,1551182862.7124019
4.0,293.0,1551182862.725396
3.0,294.0,1551182862.733398
4.0,295.0,1551182862.7462962
3.0,296.0,1551182862.759576
3.0,297.0,1551182862.7789152
3.0,298.0,1551182862.798783
3.0,299.0,1551182862.8118021
4.0,300.0,1551182862.826093
5.0,301.0,1551182862.832032
4.0,302.0,1551182862.8451772
3.0,303.0,1551182862.8594089
4.0,304.0,1551182862.865817
5.0,305.0,1551182862.8904588
1.0,306.0,1551182862.9030578
2.0,307.0,1551182862.916161
2.0,308.0,1551182862.930088
1.0,309.0,1551182862.944013
1.0,310.0,1551182862.951566
2.0,311.0,1551182862.965439
2.0,312.0,1551182862.979059
1.0,313.0,1551182862.99306
1.0,314.0,1551182862.999437
2.0,315.0,1551182863.015319
1.0,316.0,1551182863.029268
2.0,317.0,1551182863.0450292
4.0,318.0,1551182863.0614662
3.0,319.0,1551182863.0774899
1.0,320.0,1551182863.094563
1.0,321.0,1551182863.113227
1.0,322.0,1551182863.1292958
3.0,323.0,1551182863.142856
3.0,324.0,1551182863.149668
3.0,325.0,1551182863.1646621
3.0,326.0,1551182863.1783092
5.0,327.0,1551182863.194602
3.0,328.0,1551182863.213419
4.0,329.0,1551182863.226794
4.0,330.0,1551182863.233182
3.0,331.0,1551182863.249046
3.0,332.0,1551182863.270085
3.0,333.0,1551182863.28236
7.0,334.0,1551182863.3028638
8.0,335.0,1551182863.3151731
6.0,336.0,1551182863.328021
6.0,337.0,1551182863.343394
4.0,338.0,1551182863.350191
4.0,339.0,1551182863.368045
4.0,340.0,1551182863.392213
4.0,341.0,1551182863.414997
4.0,342.0,1551182863.429986
3.0,343.0,1551182863.450303
5.0,344.0,1551182863.462869
3.0,345.0,1551182863.478318
4.0,346.0,1551182863.49373
2.0,347.0,1551182863.500563
2.0,348.0,1551182863.516209
3.0,349.0,1551182863.529384
2.0,350.0,1551182863.543107
2.0,351.0,1551182863.549474
2.0,352.0,1551182863.567678
2.0,353.0,1551182863.583597
1.0,354.0,1551182863.596323
1.0,355.0,1551182863.60936
1.0,356.0,1551182863.6156428
2.0,357.0,1551182863.636087
2.0,358.0,1551182863.648543
3.0,359.0,1551182863.661629
2.0,360.0,1551182863.6848571
4.0,361.0,1551182863.697623
4.0,362.0,1551182863.710548
2.0,363.0,1551182863.716863
1.0,364.0,1551182863.736158
2.0,365.0,1551182863.752954
2.0,366.0,1551182863.76219
2.0,367.0,1551182863.77539
2.0,368.0,1551182863.7848299
2.0,369.0,1551182863.797608
3.0,370.0,1551182863.810485
1.0,371.0,1551182863.816677
2.0,372.0,1551182863.829441
1.0,373.0,1551182863.8425448
4.0,374.0,1551182863.8488529
4.0,375.0,1551182863.8632672
1.0,376.0,1551182863.876394
2.0,377.0,1551182863.8984551
1.0,378.0,1551182863.911519
3.0,379.0,1551182863.928859
4.0,380.0,1551182863.942275
1.0,381.0,1551182863.948642
1.0,382.0,1551182863.963954
2.0,383.0,1551182863.985574
1.0,384.0,1551182864.000997
1.0,385.0,1551182864.0134342
2.0,386.0,1551182864.031839
2.0,387.0,1551182864.044533
3.0,388.0,1551182864.060002
1.0,389.0,1551182864.067014
1.0,390.0,1551182864.083661
2.0,391.0,1551182864.100998
1.0,392.0,1551182864.1133702
4.0,393.0,1551182864.1262789
1.0,394.0,1551182864.1439931
1.0,395.0,1551182864.150315
1.0,396.0,1551182864.170899
2.0,397.0,1551182864.186466
3.0,398.0,1551182864.1988878
2.0,399.0,1551182864.2116811
1.0,400.0,1551182864.22749
1.0,401.0,1551182864.246793
2.0,402.0,1551182864.2594109
1.0,403.0,1551182864.265733
1.0,404.0,1551182864.2810628
3.0,405.0,1551182864.2970428
3.0,406.0,1551182864.3150852
1.0,407.0,1551182864.3279219
2.0,408.0,1551182864.343484
2.0,409.0,1551182864.3504992
2.0,410.0,1551182864.370399
2.0,411.0,1551182864.386127
2.0,412.0,1551182864.392298
1.0,413.0,1551182864.411613
3.0,414.0,1551182864.4260008
2.0,415.0,1551182864.432381
2.0,416.0,1551182864.446558
2.0,417.0,1551182864.460598
3.0,418.0,1551182864.4667
3.0,419.0,1551182864.479625
1.0,420.0,1551182864.492734
1.0,421.0,1551182864.517405
2.0,422.0,1551182864.530596
3.0,423.0,1551182864.5457332
3.0,424.0,1551182864.561203
1.0,425.0,1551182864.580517
2.0,426.0,1551182864.5941708
5.0,427.0,1551182864.612031
2.0,428.0,1551182864.630181
4.0,429.0,1551182864.650932
6.0,430.0,1551182864.663727
4.0,431.0,1551182864.677878
5.0,432.0,1551182864.68382
4.0,433.0,1551182864.702633
5.0,434.0,1551182864.7155032
5.0,435.0,1551182864.7338119
5.0,436.0,1551182864.749919
4.0,437.0,1551182864.762879
3.0,438.0,1551182864.7759879
3.0,439.0,1551182864.7821288
4.0,440.0,1551182864.8013818
2.0,441.0,1551182864.814114
1.0,442.0,1551182864.833306
4.0,443.0,1551182864.846236
3.0,444.0,1551182864.8591669
3.0,445.0,1551182864.865479
4.0,446.0,1551182864.882129
3.0,447.0,1551182864.8960829
2.0,448.0,1551182864.9089868
1.0,449.0,1551182864.915313
4.0,450.0,1551182864.934885
1.0,451.0,1551182864.9480698
2.0,453.0,1551182864.9749372
2.0,454.0,1551182864.995361
1.0,455.0,1551182865.01035
2.0,456.0,1551182865.017409
1.0,458.0,1551182865.044925
1.0,459.0,1551182865.061024
2.0,460.0,1551182865.079564
1.0,461.0,1551182865.092832
1.0,462.0,1551182865.1012511
1.0,463.0,1551182865.122294
3.0,464.0,1551182865.1349068
3.0,465.0,1551182865.1412742
1.0,466.0,1551182865.1482491
5.0,467.0,1551182865.167267
3.0,468.0,1551182865.181779
2.0,469.0,1551182865.1970692
1.0,470.0,1551182865.210281
2.0,471.0,1551182865.23397
3.0,472.0,1551182865.246633
3.0,473.0,1551182865.261889
2.0,474.0,1551182865.279556
4.0,475.0,1551182865.294913
2.0,476.0,1551182865.3104582
2.0,477.0,1551182865.3292642
5.0,478.0,1551182865.345143
2.0,479.0,1551182865.362518
4.0,480.0,1551182865.381412
3.0,481.0,1551182865.39479
4.0,482.0,1551182865.410165
3.0,483.0,1551182865.417048
1.0,484.0,1551182865.43111
3.0,486.0,1551182865.4662
1.0,488.0,1551182865.495575
4.0,489.0,1551182865.511797
3.0,490.0,1551182865.5272331
2.0,491.0,1551182865.538806
4.0,492.0,1551182865.5518851
4.0,493.0,1551182865.558263
3.0,494.0,1551182865.577257
4.0,495.0,1551182865.583141
2.0,496.0,1551182865.597501
3.0,497.0,1551182865.610803
2.0,498.0,1551182865.617088
2.0,499.0,1551182865.63329
2.0,500.0,1551182865.645966
4.0,501.0,1551182865.658967
3.0,502.0,1551182865.669268
4.0,503.0,1551182865.6866271
5.0,504.0,1551182865.6977558
5.0,505.0,1551182865.7110028
2.0,506.0,1551182865.717217
5.0,507.0,1551182865.7325282
2.0,508.0,1551182865.7511628
2.0,509.0,1551182865.763615
3.0,510.0,1551182865.779453
3.0,511.0,1551182865.792305
2.0,513.0,1551182865.819694
2.0,515.0,1551182865.847334
1.0,516.0,1551182865.860419
2.0,517.0,1551182865.866752
4.0,519.0,1551182865.892649
2.0,520.0,1551182865.899037
2.0,521.0,1551182865.920574
1.0,523.0,1551182865.9458969
2.0,524.0,1551182865.958926
2.0,525.0,1551182865.965219
4.0,526.0,1551182865.980654
1.0,527.0,1551182865.994638
1.0,528.0,1551182866.004957
1.0,529.0,1551182866.0259929
3.0,530.0,1551182866.034963
1.0,531.0,1551182866.048822
3.0,532.0,1551182866.06581
3.0,533.0,1551182866.079475
3.0,534.0,1551182866.093421
3.0,535.0,1551182866.100343
1.0,536.0,1551182866.118338
2.0,537.0,1551182866.130846
1.0,538.0,1551182866.143992
3.0,539.0,1551182866.150411
2.0,540.0,1551182866.16641
2.0,541.0,1551182866.180537
1.0,542.0,1551182866.195796
2.0,543.0,1551182866.211788
2.0,544.0,1551182866.2308228
3.0,545.0,1551182866.245101
3.0,546.0,1551182866.259799
3.0,547.0,1551182866.278147
4.0,548.0,1551182866.292413
2.0,549.0,1551182866.2988741
5.0,550.0,1551182866.32187
1.0,551.0,1551182866.3341281
3.0,552.0,1551182866.346869
1.0,553.0,1551182866.3604321
1.0,554.0,1551182866.3796842
2.0,555.0,1551182866.3932421
1.0,556.0,1551182866.399828
2.0,558.0,1551182866.4309719
1.0,559.0,1551182866.4444401
1.0,561.0,1551182866.464573
1.0,562.0,1551182866.477497
2.0,564.0,1551182866.501104
2.0,565.0,1551182866.5181692
2.0,566.0,1551182866.5307279
5.0,567.0,1551182866.545755
2.0,568.0,1551182866.560363
3.0,569.0,1551182866.582853
2.0,570.0,1551182866.5957491
3.0,571.0,1551182866.613609
3.0,572.0,1551182866.62721
2.0,573.0,1551182866.6335008
2.0,574.0,1551182866.646723
2.0,575.0,1551182866.661074
2.0,576.0,1551182866.6680598
2.0,577.0,1551182866.685902
4.0,578.0,1551182866.700386
4.0,579.0,1551182866.713641
3.0,580.0,1551182866.729813
7.0,581.0,1551182866.7512808
4.0,582.0,1551182866.7640378
4.0,583.0,1551182866.781894
4.0,584.0,1551182866.794898
6.0,585.0,1551182866.812767
1.0,586.0,1551182866.8273332
3.0,587.0,1551182866.8453991
7.0,588.0,1551182866.860727
2.0,589.0,1551182866.86762
1.0,590.0,1551182866.883082
1.0,591.0,1551182866.9032042
2.0,592.0,1551182866.915853
1.0,593.0,1551182866.929041
1.0,595.0,1551182866.948704
1.0,596.0,1551182866.9638798
2.0,597.0,1551182866.980881
1.0,598.0,1551182866.993821
3.0,599.0,1551182867.000243
2.0,601.0,1551182867.028351
1.0,602.0,1551182867.0458272
2.0,604.0,1551182867.079543
2.0,605.0,1551182867.093388
1.0,606.0,1551182867.0997891
1.0,608.0,1551182867.128203
2.0,610.0,1551182867.1601841
3.0,611.0,1551182867.166517
2.0,612.0,1551182867.1804538
3.0,613.0,1551182867.1938078
2.0,614.0,1551182867.2125561
1.0,615.0,1551182867.2337
4.0,616.0,1551182867.249682
5.0,617.0,1551182867.26259
4.0,618.0,1551182867.278399
3.0,619.0,1551182867.294919
4.0,620.0,1551182867.309377
2.0,621.0,1551182867.324536
1.0,622.0,1551182867.340354
1.0,623.0,1551182867.3469372
1.0,624.0,1551182867.3675551
1.0,625.0,1551182867.380505
2.0,626.0,1551182867.400789
3.0,627.0,1551182867.4138508
1.0,628.0,1551182867.42688
2.0,629.0,1551182867.433158
3.0,630.0,1551182867.451335
2.0,631.0,1551182867.464159
5.0,632.0,1551182867.476914
4.0,633.0,1551182867.483267
4.0,634.0,1551182867.501504
3.0,635.0,1551182867.5149062
4.0,636.0,1551182867.52956
2.0,637.0,1551182867.542467
4.0,638.0,1551182867.548778
1.0,639.0,1551182867.565139
1.0,640.0,1551182867.582005
3.0,643.0,1551182867.629409
1.0,644.0,1551182867.642407
1.0,647.0,1551182867.681211
1.0,648.0,1551182867.694133
2.0,649.0,1551182867.7014132
1.0,650.0,1551182867.716725
1.0,651.0,1551182867.7295082
1.0,652.0,1551182867.742501
1.0,653.0,1551182867.7487712
2.0,654.0,1551182867.7626848
3.0,655.0,1551182867.7816498
2.0,656.0,1551182867.79711
2.0,657.0,1551182867.8140612
1.0,658.0,1551182867.827071
2.0,659.0,1551182867.850485
4.0,660.0,1551182867.863186
2.0,661.0,1551182867.876369
4.0,662.0,1551182867.889508
2.0,663.0,1551182867.903755
4.0,664.0,1551182867.9106402
2.0,665.0,1551182867.9325042
2.0,666.0,1551182867.945266
2.0,667.0,1551182867.961685
2.0,668.0,1551182867.967766
2.0,669.0,1551182867.985051
1.0,670.0,1551182867.99766
2.0,671.0,1551182868.0134022
4.0,672.0,1551182868.026428
4.0,673.0,1551182868.03284
2.0,674.0,1551182868.0512
3.0,675.0,1551182868.063831
1.0,676.0,1551182868.079199
1.0,677.0,1551182868.0991201
1.0,678.0,1551182868.111721
4.0,679.0,1551182868.12943
1.0,680.0,1551182868.142854
3.0,681.0,1551182868.149215
2.0,682.0,1551182868.165201
2.0,683.0,1551182868.178826
2.0,684.0,1551182868.1944342
4.0,685.0,1551182868.210397
5.0,686.0,1551182868.217356
1.0,687.0,1551182868.232617
1.0,688.0,1551182868.24984
2.0,689.0,1551182868.2629151
2.0,690.0,1551182868.276022
2.0,691.0,1551182868.283107
1.0,692.0,1551182868.299697
3.0,693.0,1551182868.3132758
3.0,694.0,1551182868.326082
3.0,695.0,1551182868.332334
1.0,696.0,1551182868.3514931
4.0,697.0,1551182868.366258
2.0,698.0,1551182868.384248
4.0,699.0,1551182868.39681
2.0,700.0,1551182868.410068
3.0,701.0,1551182868.416511
3.0,702.0,1551182868.4384809
3.0,703.0,1551182868.451467
3.0,704.0,1551182868.457779
1.0,705.0,1551182868.468283
3.0,706.0,1551182868.484286
4.0,707.0,1551182868.500748
4.0,708.0,1551182868.51817
4.0,709.0,1551182868.537623
4.0,710.0,1551182868.554301
2.0,711.0,1551182868.566685
4.0,712.0,1551182868.5813818
2.0,713.0,1551182868.594313
3.0,714.0,1551182868.6004548
4.0,715.0,1551182868.617387
4.0,716.0,1551182868.635821
3.0,717.0,1551182868.648511
3.0,718.0,1551182868.6621
2.0,719.0,1551182868.677141
2.0,720.0,1551182868.697021
1.0,721.0,1551182868.7115462
2.0,722.0,1551182868.7183151
3.0,723.0,1551182868.731264
2.0,724.0,1551182868.7443762
4.0,725.0,1551182868.754216
5.0,726.0,1551182868.767188
4.0,727.0,1551182868.780152
5.0,728.0,1551182868.797215
3.0,729.0,1551182868.8103192
4.0,730.0,1551182868.816339
3.0,731.0,1551182868.8295271
4.0,732.0,1551182868.8472588
4.0,733.0,1551182868.860599
2.0,734.0,1551182868.866902
3.0,735.0,1551182868.886058
3.0,736.0,1551182868.899284
3.0,737.0,1551182868.91587
3.0,738.0,1551182868.9337049
2.0,739.0,1551182868.9463801
5.0,740.0,1551182868.9590971
5.0,741.0,1551182868.965398
3.0,742.0,1551182868.9835541
4.0,743.0,1551182868.996486
4.0,744.0,1551182869.009258
6.0,745.0,1551182869.0156531
4.0,746.0,1551182869.030727
2.0,747.0,1551182869.0498738
4.0,748.0,1551182869.074852
7.0,749.0,1551182869.089584
5.0,750.0,1551182869.095497
5.0,751.0,1551182869.1116002
6.0,752.0,1551182869.1299589
4.0,753.0,1551182869.146213
4.0,754.0,1551182869.162466
7.0,755.0,1551182869.176756
4.0,756.0,1551182869.18305
5.0,757.0,1551182869.1998248
4.0,758.0,1551182869.213436
4.0,759.0,1551182869.227402
3.0,760.0,1551182869.233514
2.0,761.0,1551182869.248397
1.0,762.0,1551182869.2626188
2.0,763.0,1551182869.27969
2.0,764.0,1551182869.294917
2.0,765.0,1551182869.312175
2.0,766.0,1551182869.3302631
3.0,767.0,1551182869.343609
2.0,768.0,1551182869.349872
2.0,769.0,1551182869.365363
2.0,770.0,1551182869.379325
1.0,771.0,1551182869.394957
1.0,772.0,1551182869.412717
1.0,773.0,1551182869.426701
1.0,774.0,1551182869.438891
1.0,775.0,1551182869.4571788
2.0,776.0,1551182869.463767
2.0,777.0,1551182869.479199
2.0,778.0,1551182869.494048
4.0,779.0,1551182869.502081
2.0,780.0,1551182869.515361
2.0,781.0,1551182869.534121
3.0,782.0,1551182869.5466938
2.0,783.0,1551182869.560228
2.0,784.0,1551182869.566751
4.0,785.0,1551182869.592854
5.0,786.0,1551182869.607469
2.0,787.0,1551182869.616062
2.0,788.0,1551182869.630483
1.0,789.0,1551182869.649567
3.0,790.0,1551182869.6699588
2.0,791.0,1551182869.682524
2.0,792.0,1551182869.6958148
6.0,793.0,1551182869.710289
4.0,794.0,1551182869.716749
5.0,795.0,1551182869.730315
4.0,796.0,1551182869.743736
2.0,797.0,1551182869.766125
3.0,798.0,1551182869.779053
3.0,799.0,1551182869.7956638
3.0,800.0,1551182869.811383
2.0,801.0,1551182869.831381
5.0,802.0,1551182869.848493
2.0,803.0,1551182869.861602
2.0,804.0,1551182869.878411
3.0,805.0,1551182869.8845382
2.0,806.0,1551182869.901202
2.0,807.0,1551182869.9159129
1.0,808.0,1551182869.930323
2.0,809.0,1551182869.943498
3.0,810.0,1551182869.9627361
3.0,811.0,1551182869.977036
3.0,812.0,1551182869.983419
2.0,813.0,1551182869.998244
2.0,814.0,1551182870.012535
1.0,815.0,1551182870.028648
3.0,816.0,1551182870.0466812
4.0,817.0,1551182870.059607
3.0,818.0,1551182870.065929
3.0,819.0,1551182870.08531
4.0,820.0,1551182870.097953
2.0,821.0,1551182870.1117399
2.0,822.0,1551182870.1275032
1.0,823.0,1551182870.1363258
2.0,824.0,1551182870.159916
3.0,826.0,1551182870.180162
1.0,827.0,1551182870.200421
2.0,828.0,1551182870.216377
2.0,829.0,1551182870.230365
4.0,831.0,1551182870.264677
1.0,833.0,1551182870.2829492
2.0,834.0,1551182870.297473
1.0,837.0,1551182870.331687
1.0,838.0,1551182870.349205
1.0,839.0,1551182870.3622122
3.0,840.0,1551182870.380085
2.0,841.0,1551182870.3930829
2.0,842.0,1551182870.399392
2.0,845.0,1551182870.433648
1.0,848.0,1551182870.481518
4.0,849.0,1551182870.494426
1.0,850.0,1551182870.500714
2.0,851.0,1551182870.514622
2.0,852.0,1551182870.527951
4.0,854.0,1551182870.560832
2.0,855.0,1551182870.578018
1.0,856.0,1551182870.584228
4.0,857.0,1551182870.6001081
2.0,858.0,1551182870.617467
2.0,859.0,1551182870.635044
2.0,860.0,1551182870.6481578
1.0,861.0,1551182870.6655319
4.0,862.0,1551182870.679569
1.0,863.0,1551182870.694612
2.0,864.0,1551182870.700973
3.0,865.0,1551182870.714006
3.0,866.0,1551182870.727543
4.0,867.0,1551182870.73346
3.0,868.0,1551182870.746638
1.0,869.0,1551182870.762604
2.0,870.0,1551182870.78177
3.0,871.0,1551182870.794972
4.0,872.0,1551182870.800707
3.0,873.0,1551182870.814803
4.0,874.0,1551182870.830241
3.0,875.0,1551182870.8434932
4.0,876.0,1551182870.861622
4.0,877.0,1551182870.867786
4.0,878.0,1551182870.890155
2.0,879.0,1551182870.904858
2.0,880.0,1551182870.916058
4.0,881.0,1551182870.9412422
2.0,882.0,1551182870.956265
2.0,883.0,1551182870.9624739
1.0,884.0,1551182870.982881
2.0,885.0,1551182870.9963899
2.0,886.0,1551182871.016193
1.0,887.0,1551182871.028945
1.0,888.0,1551182871.043107
3.0,889.0,1551182871.049487
1.0,890.0,1551182871.0639732
1.0,892.0,1551182871.082519
1.0,893.0,1551182871.0969212
1.0,894.0,1551182871.1104488
2.0,896.0,1551182871.1383119
2.0,897.0,1551182871.1513548
2.0,898.0,1551182871.164287
2.0,899.0,1551182871.182796
2.0,900.0,1551182871.197212
1.0,901.0,1551182871.21536
1.0,905.0,1551182871.266386
2.0,906.0,1551182871.278953
1.0,907.0,1551182871.295509
3.0,908.0,1551182871.315883
2.0,909.0,1551182871.328866
4.0,910.0,1551182871.342995
4.0,911.0,1551182871.349459
3.0,912.0,1551182871.366614
2.0,913.0,1551182871.380376
3.0,914.0,1551182871.393601
2.0,915.0,1551182871.399992
4.0,916.0,1551182871.419156
3.0,917.0,1551182871.431871
2.0,918.0,1551182871.448413
3.0,919.0,1551182871.4649448
2.0,920.0,1551182871.478046
3.0,921.0,1551182871.4949791
2.0,922.0,1551182871.5012312
2.0,923.0,1551182871.51512
3.0,924.0,1551182871.5281699
1.0,925.0,1551182871.544173
2.0,926.0,1551182871.550493
2.0,927.0,1551182871.5663638
4.0,928.0,1551182871.580072
4.0,929.0,1551182871.5936441
4.0,930.0,1551182871.599997
5.0,931.0,1551182871.619081
3.0,932.0,1551182871.6369889
2.0,933.0,1551182871.6432152
5.0,934.0,1551182871.6495302
3.0,935.0,1551182871.665194
3.0,936.0,1551182871.679543
6.0,937.0,1551182871.697723
2.0,938.0,1551182871.710764
3.0,939.0,1551182871.7341352
2.0,940.0,1551182871.7477188
2.0,942.0,1551182871.778741
1.0,943.0,1551182871.784992
2.0,944.0,1551182871.806077
2.0,945.0,1551182871.825341
3.0,946.0,1551182871.8341749
1.0,947.0,1551182871.847232
3.0,948.0,1551182871.860668
2.0,949.0,1551182871.88474
2.0,950.0,1551182871.899762
3.0,951.0,1551182871.913235
3.0,952.0,1551182871.926038
1.0,953.0,1551182871.932479
1.0,956.0,1551182871.967691
1.0,957.0,1551182871.984332
1.0,958.0,1551182871.997519
2.0,960.0,1551182872.017954
1.0,961.0,1551182872.0320792
1.0,962.0,1551182872.047445
1.0,964.0,1551182872.07711
2.0,965.0,1551182872.083379
2.0,966.0,1551182872.0975401
3.0,968.0,1551182872.131796
2.0,969.0,1551182872.145303
1.0,970.0,1551182872.160894
4.0,971.0,1551182872.167725
3.0,972.0,1551182872.1816828
4.0,973.0,1551182872.198957
2.0,975.0,1551182872.227529
1.0,976.0,1551182872.234517
1.0,977.0,1551182872.2499142
2.0,978.0,1551182872.267589
1.0,979.0,1551182872.2810419
2.0,981.0,1551182872.312547
3.0,982.0,1551182872.327904
1.0,983.0,1551182872.33478
1.0,984.0,1551182872.348943
2.0,985.0,1551182872.3661
2.0,986.0,1551182872.3894389
1.0,987.0,1551182872.40182
2.0,988.0,1551182872.408281
2.0,989.0,1551182872.422902
3.0,990.0,1551182872.437014
2.0,991.0,1551182872.443885
2.0,992.0,1551182872.4506938
4.0,993.0,1551182872.4659688
4.0,994.0,1551182872.479705
3.0,995.0,1551182872.4955509
4.0,996.0,1551182872.510216
5.0,997.0,1551182872.5166678
3.0,998.0,1551182872.5315478
7.0,999.0,1551182872.550582
6.0,1000.0,1551182872.565591
